seed_templates,worst_run_FPR,worst_run_TPR_noise1
7,0.076,1.0
11,0.056,1.0
13,0.048,1.0
17,0.06,0.8266666666666667
19,0.06,0.9933333333333332
23,0.08,1.0
29,0.076,1.0
